#num	layer_html	slug	report_glob	chokepoint_html	tightness
1	<b>Optics / Connectivity</b> · optical isolator — Faraday-rotator garnet <span class="mono" style="font-size:10px;color:var(--faint)">loop 5</span>	optics.html	AI-Infra_Optics_Optical-Isolator*_v5_*.html	The Faraday-rotator garnet crystal inside every optical isolator — genuinely tight at the crystal layer, but the cash is banked one hump downstream, and the link carries un-hedged obsolescence risk if CPO designs the isolator out. A study/watchlist run, not a monopoly-toll run	14
2	<b>Compute fabric</b> · thin-wafer handling — grind · carrier · debond <span class="mono" style="font-size:10px;color:var(--faint)">loop 6</span>	compute-fabric.html	AI-Infra_ComputeFabric_ThinWafer*_v5_*.html	Ultra-thin wafer grind / temporary carrier bond / laser debond — the handling chain every stacked die passes through (DISCO on grind, 15/20 at that stage). The chain composite is looser than its tightest member and branch-conditional on the specification fork. NO POSITION-GRADE CANDIDATE	14
3	<b>Power delivery</b> · on-site generation — hot-section superalloy casting <span class="mono" style="font-size:10px;color:var(--faint)">loop 5</span>	power.html	AI-Infra_PowerDelivery_Gas-Turbine*_v5_*.html	Gas-turbine hot-section superalloy investment casting (~70–80% PCC + Howmet, est.) — 2–6% rhenium with no substitute, and the 5–7 year grid queue is what drives datacenters to on-site generation in the first place	18
4	<b>Cooling</b> · die-level metal thermal-interface — gallium/indium <span class="mono" style="font-size:10px;color:var(--faint)">loop 5</span>	cooling.html	AI-Infra_Cooling_Metal-TIM*_v5_*.html	Metal TIM at the die interface and its Ga/In feedstock — tightness today with obsolescence tomorrow as the honest frame; no clean listed owner, an 'admire, don't own' across three links (SOLS/VNP/HEN)	15
5	<b>Networking silicon</b> · optical circuit switching — free-space optics <span class="mono" style="font-size:10px;color:var(--faint)">loop 5</span>	networking.html	AI-Infra_NetworkingSilicon_OCS*_v5_*.html	The OCS free-space optical path (MEMS mirror + collimation) — real and inflecting, but the listed systems names have already run hard (LITE +740% 1Y, Recognition→). NO POSITION-GRADE CANDIDATE	14
6	<b>Substrates &amp; materials</b> · CMP consumables — pad + slurry <span class="mono" style="font-size:10px;color:var(--faint)">loop 5</span>	substrates.html	AI-Infra_Substrates_CMP-Consumables*_v5_*.html	The CMP polishing pad (the binding sub-link) plus slurry — a strong, structurally-growing chokepoint, but tightness that the listed vehicles have already priced	16
7	<b>Optics — deeper</b> · InP epitaxy / MOCVD <span class="mono" style="font-size:10px;color:var(--faint)">loop 2</span>	optics-epitaxy.html	AI-Infra_Optics_*Epitaxy*_v5_*.html	InP epitaxy / MOCVD tool (AIXTRON ~70–90% adv. photonic)	18
8	<b>Compute fabric — deeper</b> · D2W Cu-Cu hybrid bonding / SoIC <span class="mono" style="font-size:10px;color:var(--faint)">loop 2</span>	compute-fabric-hybrid.html	AI-Infra_ComputeFabric_*HybridBonding*_v5_*.html	D2W hybrid-bond inspection yield-gate (Camtek) · bonder (BESI)	18
9	<b>Optics — deeper/refresh</b> · photonic packaging / fiber-attach <span class="mono" style="font-size:10px;color:var(--faint)">loop 4</span>	optics-packaging.html	AI-Infra_Optics_Photonic-Packaging*_v5_*.html	Photonic packaging / fiber-attach &amp; active alignment (~70–80% of a SiPh module's mfg cost; TSMC-named CPO constraint at OFC-26) — Fabrinet the hedged own-it, KLIC euphoria, POET disruptor	16
